use employees_performance;

insert into account (username, pwd, acc_role,created_at, updated_at) VALUES ('admin','admin123','admin','2023-01-01 10:00:00', '2023-01-01 10:00:00'); 
INSERT INTO account (username, pwd, acc_role, created_at, updated_at) VALUES
('user1', 'pass123', 'Employee', '2023-01-01 10:00:00', '2023-01-01 10:00:00'),
('user2', 'pass123', 'Employee', '2023-01-02 10:00:00', '2023-01-02 10:00:00'),
('user3', 'pass123', 'Function Head', '2023-01-03 10:00:00', '2023-01-03 10:00:00'),
('user4', 'pass123', 'Employee', '2023-01-04 10:00:00', '2023-01-04 10:00:00'),
('user5', 'pass123', 'Employee', '2023-01-05 10:00:00', '2023-01-05 10:00:00'),
('user6', 'pass123', 'Function Head', '2023-01-06 10:00:00', '2023-01-06 10:00:00'),
('user7', 'pass123', 'Employee', '2023-01-07 10:00:00', '2023-01-07 10:00:00'),
('user8', 'pass123', 'Employee', '2023-01-08 10:00:00', '2023-01-08 10:00:00'),
('user9', 'pass123', 'Employee', '2023-01-09 10:00:00', '2023-01-09 10:00:00'),
('user10', 'pass123', 'Function Head', '2023-01-10 10:00:00', '2023-01-10 10:00:00'),
('user11', 'pass123', 'Employee', '2023-01-11 10:00:00', '2023-01-11 10:00:00'),
('user12', 'pass123', 'Employee', '2023-01-12 10:00:00', '2023-01-12 10:00:00'),
('user13', 'pass123', 'Function Head', '2023-01-13 10:00:00', '2023-01-13 10:00:00'),
('user14', 'pass123', 'Employee', '2023-01-14 10:00:00', '2023-01-14 10:00:00'),
('user15', 'pass123', 'Employee', '2023-01-15 10:00:00', '2023-01-15 10:00:00'),
('user16', 'pass123', 'Function Head', '2023-01-16 10:00:00', '2023-01-16 10:00:00'),
('user17', 'pass123', 'Employee', '2023-01-17 10:00:00', '2023-01-17 10:00:00'),
('user18', 'pass123', 'Employee', '2023-01-18 10:00:00', '2023-01-18 10:00:00'),
('user19', 'pass123', 'Employee', '2023-01-19 10:00:00', '2023-01-19 10:00:00'),
('user20', 'pass123', 'Function Head', '2023-01-20 10:00:00', '2023-01-20 10:00:00'),
('user21', 'pass123', 'Employee', '2023-01-21 10:00:00', '2023-01-21 10:00:00'),
('user22', 'pass123', 'Employee', '2023-01-22 10:00:00', '2023-01-22 10:00:00'),
('user23', 'pass123', 'Function Head', '2023-01-23 10:00:00', '2023-01-23 10:00:00'),
('user24', 'pass123', 'Employee', '2023-01-24 10:00:00', '2023-01-24 10:00:00'),
('user25', 'pass123', 'Employee', '2023-01-25 10:00:00', '2023-01-25 10:00:00'),
('user26', 'pass123', 'Function Head', '2023-01-26 10:00:00', '2023-01-26 10:00:00'),
('user27', 'pass123', 'Employee', '2023-01-27 10:00:00', '2023-01-27 10:00:00'),
('user28', 'pass123', 'Employee', '2023-01-28 10:00:00', '2023-01-28 10:00:00'),
('user29', 'pass123', 'Employee', '2023-01-29 10:00:00', '2023-01-29 10:00:00'),
('user30', 'pass123', 'Function Head', '2023-01-30 10:00:00', '2023-01-30 10:00:00'),
('user31', 'pass123', 'Employee', '2023-01-31 10:00:00', '2023-01-31 10:00:00'),
('user32', 'pass123', 'Employee', '2023-02-01 10:00:00', '2023-02-01 10:00:00'),
('user33', 'pass123', 'Function Head', '2023-02-02 10:00:00', '2023-02-02 10:00:00'),
('user34', 'pass123', 'Employee', '2023-02-03 10:00:00', '2023-02-03 10:00:00'),
('user35', 'pass123', 'Employee', '2023-02-04 10:00:00', '2023-02-04 10:00:00'),
('user36', 'pass123', 'Function Head', '2023-02-05 10:00:00', '2023-02-05 10:00:00'),
('user37', 'pass123', 'Employee', '2023-02-06 10:00:00', '2023-02-06 10:00:00'),
('user38', 'pass123', 'Employee', '2023-02-07 10:00:00', '2023-02-07 10:00:00'),
('user39', 'pass123', 'Employee', '2023-02-08 10:00:00', '2023-02-08 10:00:00'),
('user40', 'pass123', 'Function Head', '2023-02-09 10:00:00', '2023-02-09 10:00:00'),
('user41', 'pass123', 'Employee', '2023-02-10 10:00:00', '2023-02-10 10:00:00'),
('user42', 'pass123', 'Employee', '2023-02-11 10:00:00', '2023-02-11 10:00:00'),
('user43', 'pass123', 'Function Head', '2023-02-12 10:00:00', '2023-02-12 10:00:00'),
('user44', 'pass123', 'Employee', '2023-02-13 10:00:00', '2023-02-13 10:00:00'),
('user45', 'pass123', 'Employee', '2023-02-14 10:00:00', '2023-02-14 10:00:00'),
('user46', 'pass123', 'Function Head', '2023-02-15 10:00:00', '2023-02-15 10:00:00'),
('user47', 'pass123', 'Employee', '2023-02-16 10:00:00', '2023-02-16 10:00:00'),
('user48', 'pass123', 'Employee', '2023-02-17 10:00:00', '2023-02-17 10:00:00'),
('user49', 'pass123', 'Employee', '2023-02-18 10:00:00', '2023-02-18 10:00:00'),
('user50', 'pass123', 'Function Head', '2023-02-19 10:00:00', '2023-02-19 10:00:00'),
('user51', 'pass123', 'Employee', '2023-02-20 10:00:00', '2023-02-20 10:00:00'),
('user52', 'pass123', 'Employee', '2023-02-21 10:00:00', '2023-02-21 10:00:00'),
('user53', 'pass123', 'Function Head', '2023-02-22 10:00:00', '2023-02-22 10:00:00'),
('user54', 'pass123', 'Employee', '2023-02-23 10:00:00', '2023-02-23 10:00:00'),
('user55', 'pass123', 'Employee', '2023-02-24 10:00:00', '2023-02-24 10:00:00'),
('user56', 'pass123', 'Function Head', '2023-02-25 10:00:00', '2023-02-25 10:00:00'),
('user57', 'pass123', 'Employee', '2023-02-26 10:00:00', '2023-02-26 10:00:00'),
('user58', 'pass123', 'Employee', '2023-02-27 10:00:00', '2023-02-27 10:00:00'),
('user59', 'pass123', 'Employee', '2023-02-28 10:00:00', '2023-02-28 10:00:00'),
('user60', 'pass123', 'Function Head', '2023-03-01 10:00:00', '2023-03-01 10:00:00'),
('user61', 'pass123', 'Employee', '2023-03-02 10:00:00', '2023-03-02 10:00:00'),
('user62', 'pass123', 'Employee', '2023-03-03 10:00:00', '2023-03-03 10:00:00'),
('user63', 'pass123', 'Function Head', '2023-03-04 10:00:00', '2023-03-04 10:00:00'),
('user64', 'pass123', 'Employee', '2023-03-05 10:00:00', '2023-03-05 10:00:00'),
('user65', 'pass123', 'Employee', '2023-03-06 10:00:00', '2023-03-06 10:00:00'),
('user66', 'pass123', 'Function Head', '2023-03-07 10:00:00', '2023-03-07 10:00:00'),
('user67', 'pass123', 'Employee', '2023-03-08 10:00:00', '2023-03-08 10:00:00'),
('user68', 'pass123', 'Employee', '2023-03-09 10:00:00', '2023-03-09 10:00:00'),
('user69', 'pass123', 'Employee', '2023-03-10 10:00:00', '2023-03-10 10:00:00'),
('user70', 'pass123', 'Function Head', '2023-03-11 10:00:00', '2023-03-11 10:00:00'),
('user71', 'pass123', 'Employee', '2023-03-12 10:00:00', '2023-03-12 10:00:00'),
('user72', 'pass123', 'Employee', '2023-03-13 10:00:00', '2023-03-13 10:00:00'),
('user73', 'pass123', 'Function Head', '2023-03-14 10:00:00', '2023-03-14 10:00:00'),
('user74', 'pass123', 'Employee', '2023-03-15 10:00:00', '2023-03-15 10:00:00'),
('user75', 'pass123', 'Employee', '2023-03-16 10:00:00', '2023-03-16 10:00:00'),
('user76', 'pass123', 'Function Head', '2023-03-17 10:00:00', '2023-03-17 10:00:00'),
('user77', 'pass123', 'Employee', '2023-03-18 10:00:00', '2023-03-18 10:00:00'),
('user78', 'pass123', 'Employee', '2023-03-19 10:00:00', '2023-03-19 10:00:00'),
('user79', 'pass123', 'Employee', '2023-03-20 10:00:00', '2023-03-20 10:00:00'),
('user80', 'pass123', 'Function Head', '2023-03-21 10:00:00', '2023-03-21 10:00:00'),
('user81', 'pass123', 'Employee', '2023-03-22 10:00:00', '2023-03-22 10:00:00'),
('user82', 'pass123', 'Employee', '2023-03-23 10:00:00', '2023-03-23 10:00:00'),
('user83', 'pass123', 'Function Head', '2023-03-24 10:00:00', '2023-03-24 10:00:00'),
('user84', 'pass123', 'Employee', '2023-03-25 10:00:00', '2023-03-25 10:00:00'),
('user85', 'pass123', 'Employee', '2023-03-26 10:00:00', '2023-03-26 10:00:00'),
('user86', 'pass123', 'Function Head', '2023-03-27 10:00:00', '2023-03-27 10:00:00'),
('user87', 'pass123', 'Employee', '2023-03-28 10:00:00', '2023-03-28 10:00:00'),
('user88', 'pass123', 'Employee', '2023-03-29 10:00:00', '2023-03-29 10:00:00'),
('user89', 'pass123', 'Employee', '2023-03-30 10:00:00', '2023-03-30 10:00:00'),
('user90', 'pass123', 'Function Head', '2023-03-31 10:00:00', '2023-03-31 10:00:00'),
('user91', 'pass123', 'Employee', '2023-04-01 10:00:00', '2023-04-01 10:00:00'),
('user92', 'pass123', 'Employee', '2023-04-02 10:00:00', '2023-04-02 10:00:00'),
('user93', 'pass123', 'Function Head', '2023-04-03 10:00:00', '2023-04-03 10:00:00'),
('user94', 'pass123', 'Employee', '2023-04-04 10:00:00', '2023-04-04 10:00:00'),
('user95', 'pass123', 'Employee', '2023-04-05 10:00:00', '2023-04-05 10:00:00'),
('user96', 'pass123', 'Function Head', '2023-04-06 10:00:00', '2023-04-06 10:00:00'),
('user97', 'pass123', 'Employee', '2023-04-07 10:00:00', '2023-04-07 10:00:00'),
('user98', 'pass123', 'Employee', '2023-04-08 10:00:00', '2023-04-08 10:00:00'),
('user99', 'pass123', 'Employee', '2023-04-09 10:00:00', '2023-04-09 10:00:00'),
('user100', 'pass123', 'Function Head', '2023-04-10 10:00:00', '2023-04-10 10:00:00');









INSERT INTO departments (department_id, department_name, description, function_head_id, created_at, updated_at) VALUES
(1, 'Development', 'Software development and engineering support', NULL, '2024-01-01 08:00:00', '2024-03-01 10:00:00'),
(2, 'Design', 'Responsible for UI/UX and branding design', NULL, '2024-01-02 08:00:00', '2024-03-02 10:00:00'),
(3, 'Growth', 'Managing customer acquisition and expansion', NULL, '2024-01-03 08:00:00', '2024-03-03 10:00:00'),
(4, 'Corporate Affairs', 'Managing business policies and analysis', NULL, '2024-01-04 08:00:00', '2024-03-04 10:00:00'),
(5, 'Data', 'Data analytics and strategy optimization', NULL, '2024-01-05 08:00:00', '2024-03-05 10:00:00'),
(6, 'Finance', 'Financial planning and risk management', NULL, '2024-01-06 08:00:00', '2024-03-06 10:00:00'),
(7, 'Risk', 'Managing financial and operational risks', NULL, '2024-01-07 08:00:00', '2024-03-07 10:00:00'),
(8, 'People & Workspace', 'HR and workplace management', NULL, '2024-01-08 08:00:00', '2024-03-08 10:00:00'),
(9, 'Brand & Comms', 'Brand strategy and communications', NULL, '2024-01-09 08:00:00', '2024-03-09 10:00:00'),
(10, 'Lifestyle & Events', 'Managing corporate events and lifestyle initiatives', NULL, '2024-01-10 08:00:00', '2024-03-10 10:00:00'),
(11, 'Customers', 'Customer service and engagement', NULL, '2024-01-11 08:00:00', '2024-03-11 10:00:00'),
(12, 'Business Analysis', 'Analyzing business performance and strategy', NULL, '2024-01-12 08:00:00', '2024-03-12 10:00:00');








INSERT INTO employees (employee_id, name, birth_date, email, phone, job_title, account_id, department_id, created_at, updated_at) VALUES
(1, 'Mai Lam 1', '1985-10-28', 'user1@example.com', '09152091325', 'Software Engineer', 1, 1, '2023-01-02 08:00:00', '2024-04-04 10:00:00'),
(2, 'Nguyen An 2', '1986-08-24', 'user2@example.com', '09877491435', 'UI/UX Designer', 2, 2, '2023-01-03 08:00:00', '2024-04-04 10:00:00'),
(3, 'Vo Chi 3', '1987-06-20', 'user3@example.com', '09178159587', 'Growth Marketing Specialist', 3, 3, '2023-01-04 08:00:00', '2024-04-04 10:00:00'),
(4, 'Tran Chi 4', '1988-04-15', 'user4@example.com', '09289864260', 'Business Analyst', 4, 4, '2023-01-05 08:00:00', '2024-04-04 10:00:00'),
(5, 'Tran Dung 5', '1989-02-09', 'user5@example.com', '09726090908', 'Data Scientist', 5, 5, '2023-01-06 08:00:00', '2024-04-04 10:00:00'),
(6, 'Mai Dung 6', '1989-12-06', 'user6@example.com', '09193131979', 'Financial Analyst', 6, 6, '2023-01-07 08:00:00', '2024-04-04 10:00:00'),
(7, 'Tran Hanh 7', '1990-10-02', 'user7@example.com', '09952462441', 'Risk Manager', 7, 7, '2023-01-08 08:00:00', '2024-04-04 10:00:00'),
(8, 'Hoang Dung 8', '1991-07-29', 'user8@example.com', '09642035886', 'HR Specialist', 8, 8, '2023-01-09 08:00:00', '2024-04-04 10:00:00'),
(9, 'Hoang Hanh 9', '1992-05-24', 'user9@example.com', '09396637649', 'Communications Officer', 9, 9, '2023-01-10 08:00:00', '2024-04-04 10:00:00'),
(10, 'Hoang Khai 10', '1993-03-20', 'user10@example.com', '09619736572', 'Event Coordinator', 10, 10, '2023-01-11 08:00:00', '2024-04-04 10:00:00'),
(11, 'Nguyen Khai 11', '1994-01-14', 'user11@example.com', '09219832887', 'Customer Success Representative', 11, 11, '2023-01-12 08:00:00', '2024-04-04 10:00:00'),
(12, 'Vo Dung 12', '1994-11-10', 'user12@example.com', '09945594597', 'Strategic Analyst', 12, 12, '2023-01-13 08:00:00', '2024-04-04 10:00:00'),
(13, 'Le Giang 13', '1995-09-06', 'user13@example.com', '09242787299', 'Software Engineer', 13, 1, '2023-01-14 08:00:00', '2024-04-04 10:00:00'),
(14, 'Bui Em 14', '1996-07-02', 'user14@example.com', '09368812137', 'UI/UX Designer', 14, 2, '2023-01-15 08:00:00', '2024-04-04 10:00:00'),
(15, 'Vo Em 15', '1997-04-28', 'user15@example.com', '09911049999', 'Growth Marketing Specialist', 15, 3, '2023-01-16 08:00:00', '2024-04-04 10:00:00'),
(16, 'Vo Em 16', '1998-02-22', 'user16@example.com', '09228024248', 'Business Analyst', 16, 4, '2023-01-17 08:00:00', '2024-04-04 10:00:00'),
(17, 'Hoang Binh 17', '1998-12-19', 'user17@example.com', '09284252420', 'Data Scientist', 17, 5, '2023-01-18 08:00:00', '2024-04-04 10:00:00'),
(18, 'Le Em 18', '1999-10-15', 'user18@example.com', '09591178885', 'Financial Analyst', 18, 6, '2023-01-19 08:00:00', '2024-04-04 10:00:00'),
(19, 'Pham Giang 19', '2000-08-10', 'user19@example.com', '09495125977', 'Risk Manager', 19, 7, '2023-01-20 08:00:00', '2024-04-04 10:00:00'),
(20, 'Hoang Lam 20', '2001-06-06', 'user20@example.com', '09843704923', 'HR Specialist', 20, 8, '2023-01-21 08:00:00', '2024-04-04 10:00:00'),
(21, 'Nguyen Binh 21', '2002-04-02', 'user21@example.com', '09747135391', 'Communications Officer', 21, 9, '2023-01-22 08:00:00', '2024-04-04 10:00:00'),
(22, 'Nguyen An 22', '2003-01-27', 'user22@example.com', '09627558317', 'Event Coordinator', 22, 10, '2023-01-23 08:00:00', '2024-04-04 10:00:00'),
(23, 'Hoang Chi 23', '2003-11-23', 'user23@example.com', '09884045292', 'Customer Success Representative', 23, 11, '2023-01-24 08:00:00', '2024-04-04 10:00:00'),
(24, 'Dang Lam 24', '2004-09-18', 'user24@example.com', '09125015458', 'Strategic Analyst', 24, 12, '2023-01-25 08:00:00', '2024-04-04 10:00:00'),
(25, 'Tran Chi 25', '2005-07-15', 'user25@example.com', '09914835614', 'Software Engineer', 25, 1, '2023-01-26 08:00:00', '2024-04-04 10:00:00'),
(26, 'Bui Minh 26', '2006-05-11', 'user26@example.com', '09929876811', 'UI/UX Designer', 26, 2, '2023-01-27 08:00:00', '2024-04-04 10:00:00'),
(27, 'Dang Chi 27', '2007-03-07', 'user27@example.com', '09151373735', 'Growth Marketing Specialist', 27, 3, '2023-01-28 08:00:00', '2024-04-04 10:00:00'),
(28, 'Bui An 28', '2008-01-01', 'user28@example.com', '09638195995', 'Business Analyst', 28, 4, '2023-01-29 08:00:00', '2024-04-04 10:00:00'),
(29, 'Pham Binh 29', '2008-10-27', 'user29@example.com', '09685146293', 'Data Scientist', 29, 5, '2023-01-30 08:00:00', '2024-04-04 10:00:00'),
(30, 'Dang Minh 30', '2009-08-23', 'user30@example.com', '09341774346', 'Financial Analyst', 30, 6, '2023-01-31 08:00:00', '2024-04-04 10:00:00'),
(31, 'Le Chi 31', '2010-06-19', 'user31@example.com', '09713326769', 'Risk Manager', 31, 7, '2023-02-01 08:00:00', '2024-04-04 10:00:00'),
(32, 'Le Giang 32', '2011-04-15', 'user32@example.com', '09799913412', 'HR Specialist', 32, 8, '2023-02-02 08:00:00', '2024-04-04 10:00:00'),
(33, 'Pham Em 33', '2012-02-09', 'user33@example.com', '09324508349', 'Communications Officer', 33, 9, '2023-02-03 08:00:00', '2024-04-04 10:00:00'),
(34, 'Dang An 34', '1985-07-20', 'user34@example.com', '09839854548', 'Event Coordinator', 34, 10, '2023-02-04 08:00:00', '2024-04-04 10:00:00'),
(35, 'Pham Khai 35', '1986-05-16', 'user35@example.com', '09650962024', 'Customer Success Representative', 35, 11, '2023-02-05 08:00:00', '2024-04-04 10:00:00'),
(36, 'Pham Dung 36', '1987-03-12', 'user36@example.com', '09198588154', 'Strategic Analyst', 36, 12, '2023-02-06 08:00:00', '2024-04-04 10:00:00'),
(37, 'Pham Hanh 37', '1988-01-06', 'user37@example.com', '09647393469', 'Software Engineer', 37, 1, '2023-02-07 08:00:00', '2024-04-04 10:00:00'),
(38, 'Tran Em 38', '1988-11-01', 'user38@example.com', '09696098221', 'UI/UX Designer', 38, 2, '2023-02-08 08:00:00', '2024-04-04 10:00:00'),
(39, 'Vo Hanh 39', '1989-08-28', 'user39@example.com', '09954446182', 'Growth Marketing Specialist', 39, 3, '2023-02-09 08:00:00', '2024-04-04 10:00:00'),
(40, 'Nguyen Binh 40', '1990-06-24', 'user40@example.com', '09533966966', 'Business Analyst', 40, 4, '2023-02-10 08:00:00', '2024-04-04 10:00:00'),
(41, 'Mai Em 41', '1991-04-20', 'user41@example.com', '09124549543', 'Data Scientist', 41, 5, '2023-02-11 08:00:00', '2024-04-04 10:00:00'),
(42, 'Mai Hanh 42', '1992-02-14', 'user42@example.com', '09652101056', 'Financial Analyst', 42, 6, '2023-02-12 08:00:00', '2024-04-04 10:00:00'),
(43, 'Dang Minh 43', '1992-12-10', 'user43@example.com', '09925521714', 'Risk Manager', 43, 7, '2023-02-13 08:00:00', '2024-04-04 10:00:00'),
(44, 'Dang Minh 44', '1993-10-06', 'user44@example.com', '09444188276', 'HR Specialist', 44, 8, '2023-02-14 08:00:00', '2024-04-04 10:00:00'),
(45, 'Nguyen Hanh 45', '1994-08-02', 'user45@example.com', '09179782527', 'Communications Officer', 45, 9, '2023-02-15 08:00:00', '2024-04-04 10:00:00'),
(46, 'Vo Dung 46', '1995-05-29', 'user46@example.com', '09667887757', 'Event Coordinator', 46, 10, '2023-02-16 08:00:00', '2024-04-04 10:00:00'),
(47, 'Tran Giang 47', '1996-03-24', 'user47@example.com', '09699038359', 'Customer Success Representative', 47, 11, '2023-02-17 08:00:00', '2024-04-04 10:00:00'),
(48, 'Tran Em 48', '1997-01-18', 'user48@example.com', '09951511484', 'Strategic Analyst', 48, 12, '2023-02-18 08:00:00', '2024-04-04 10:00:00'),
(49, 'Dang Giang 49', '1997-11-14', 'user49@example.com', '09749682169', 'Software Engineer', 49, 1, '2023-02-19 08:00:00', '2024-04-04 10:00:00'),
(50, 'Vo Chi 50', '1998-09-10', 'user50@example.com', '09466431351', 'UI/UX Designer', 50, 2, '2023-02-20 08:00:00', '2024-04-04 10:00:00'),
(51, 'Dang Chi 51', '1999-07-07', 'user51@example.com', '09564502486', 'Growth Marketing Specialist', 51, 3, '2023-02-21 08:00:00', '2024-04-04 10:00:00'),
(52, 'Vo An 52', '2000-05-02', 'user52@example.com', '09548508907', 'Business Analyst', 52, 4, '2023-02-22 08:00:00', '2024-04-04 10:00:00'),
(53, 'Pham Hanh 53', '2001-02-26', 'user53@example.com', '09672409658', 'Data Scientist', 53, 5, '2023-02-23 08:00:00', '2024-04-04 10:00:00'),
(54, 'Do Khai 54', '2001-12-23', 'user54@example.com', '09478608612', 'Financial Analyst', 54, 6, '2023-02-24 08:00:00', '2024-04-04 10:00:00'),
(55, 'Do Chi 55', '2002-10-19', 'user55@example.com', '09248089166', 'Risk Manager', 55, 7, '2023-02-25 08:00:00', '2024-04-04 10:00:00'),
(56, 'Vo Minh 56', '2003-08-15', 'user56@example.com', '09622534217', 'HR Specialist', 56, 8, '2023-02-26 08:00:00', '2024-04-04 10:00:00'),
(57, 'Pham Em 57', '2004-06-10', 'user57@example.com', '09436726767', 'Communications Officer', 57, 9, '2023-02-27 08:00:00', '2024-04-04 10:00:00'),
(58, 'Le An 58', '2005-04-06', 'user58@example.com', '09142862209', 'Event Coordinator', 58, 10, '2023-02-28 08:00:00', '2024-04-04 10:00:00'),
(59, 'Do Minh 59', '2006-01-31', 'user59@example.com', '09271124923', 'Customer Success Representative', 59, 11, '2023-03-01 08:00:00', '2024-04-04 10:00:00'),
(60, 'Dang Minh 60', '2006-11-27', 'user60@example.com', '09461536717', 'Strategic Analyst', 60, 12, '2023-03-02 08:00:00', '2024-04-04 10:00:00'),
(61, 'Do Hanh 61', '2007-09-23', 'user61@example.com', '09429806690', 'Software Engineer', 61, 1, '2023-03-03 08:00:00', '2024-04-04 10:00:00'),
(62, 'Nguyen Binh 62', '2008-07-19', 'user62@example.com', '09739372360', 'UI/UX Designer', 62, 2, '2023-03-04 08:00:00', '2024-04-04 10:00:00'),
(63, 'Le Lam 63', '2009-05-15', 'user63@example.com', '09816740197', 'Growth Marketing Specialist', 63, 3, '2023-03-05 08:00:00', '2024-04-04 10:00:00'),
(64, 'Vo Dung 64', '2010-03-11', 'user64@example.com', '09271265269', 'Business Analyst', 64, 4, '2023-03-06 08:00:00', '2024-04-04 10:00:00'),
(65, 'Le Khai 65', '2011-01-05', 'user65@example.com', '09985017682', 'Data Scientist', 65, 5, '2023-03-07 08:00:00', '2024-04-04 10:00:00'),
(66, 'Mai Giang 66', '2011-11-01', 'user66@example.com', '09892228802', 'Financial Analyst', 66, 6, '2023-03-08 08:00:00', '2024-04-04 10:00:00'),
(67, 'Vo Hanh 67', '1985-04-11', 'user67@example.com', '09969849511', 'Risk Manager', 67, 7, '2023-03-09 08:00:00', '2024-04-04 10:00:00'),
(68, 'Le Khai 68', '1986-02-05', 'user68@example.com', '09844788100', 'HR Specialist', 68, 8, '2023-03-10 08:00:00', '2024-04-04 10:00:00'),
(69, 'Pham Em 69', '1986-12-02', 'user69@example.com', '09975041510', 'Communications Officer', 69, 9, '2023-03-11 08:00:00', '2024-04-04 10:00:00'),
(70, 'Pham Em 70', '1987-09-28', 'user70@example.com', '09820399639', 'Event Coordinator', 70, 10, '2023-03-12 08:00:00', '2024-04-04 10:00:00'),
(71, 'Hoang Dung 71', '1988-07-24', 'user71@example.com', '09555076693', 'Customer Success Representative', 71, 11, '2023-03-13 08:00:00', '2024-04-04 10:00:00'),
(72, 'Bui Lam 72', '1989-05-20', 'user72@example.com', '09228572252', 'Strategic Analyst', 72, 12, '2023-03-14 08:00:00', '2024-04-04 10:00:00'),
(73, 'Le Dung 73', '1990-03-16', 'user73@example.com', '09730509175', 'Software Engineer', 73, 1, '2023-03-15 08:00:00', '2024-04-04 10:00:00'),
(74, 'Pham Binh 74', '1991-01-10', 'user74@example.com', '09764707061', 'UI/UX Designer', 74, 2, '2023-03-16 08:00:00', '2024-04-04 10:00:00'),
(75, 'Bui Lam 75', '1991-11-06', 'user75@example.com', '09865804273', 'Growth Marketing Specialist', 75, 3, '2023-03-17 08:00:00', '2024-04-04 10:00:00'),
(76, 'Nguyen Dung 76', '1992-09-01', 'user76@example.com', '09762274692', 'Business Analyst', 76, 4, '2023-03-18 08:00:00', '2024-04-04 10:00:00'),
(77, 'Mai An 77', '1993-06-28', 'user77@example.com', '09774019136', 'Data Scientist', 77, 5, '2023-03-19 08:00:00', '2024-04-04 10:00:00'),
(78, 'Nguyen Giang 78', '1994-04-24', 'user78@example.com', '09562343121', 'Financial Analyst', 78, 6, '2023-03-20 08:00:00', '2024-04-04 10:00:00'),
(79, 'Dang Lam 79', '1995-02-18', 'user79@example.com', '09990967191', 'Risk Manager', 79, 7, '2023-03-21 08:00:00', '2024-04-04 10:00:00'),
(80, 'Pham Khai 80', '1995-12-15', 'user80@example.com', '09446632757', 'HR Specialist', 80, 8, '2023-03-22 08:00:00', '2024-04-04 10:00:00'),
(81, 'Dang Khai 81', '1996-10-10', 'user81@example.com', '09162191530', 'Communications Officer', 81, 9, '2023-03-23 08:00:00', '2024-04-04 10:00:00'),
(82, 'Bui Hanh 82', '1997-08-06', 'user82@example.com', '09372732043', 'Event Coordinator', 82, 10, '2023-03-24 08:00:00', '2024-04-04 10:00:00'),
(83, 'Le Minh 83', '1998-06-02', 'user83@example.com', '09913619375', 'Customer Success Representative', 83, 11, '2023-03-25 08:00:00', '2024-04-04 10:00:00'),
(84, 'Dang Minh 84', '1999-03-29', 'user84@example.com', '09121267237', 'Strategic Analyst', 84, 12, '2023-03-26 08:00:00', '2024-04-04 10:00:00'),
(85, 'Dang Chi 85', '2000-01-23', 'user85@example.com', '09834391257', 'Software Engineer', 85, 1, '2023-03-27 08:00:00', '2024-04-04 10:00:00'),
(86, 'Nguyen Em 86', '2000-11-18', 'user86@example.com', '09753936531', 'UI/UX Designer', 86, 2, '2023-03-28 08:00:00', '2024-04-04 10:00:00'),
(87, 'Pham Khai 87', '2001-09-14', 'user87@example.com', '09655298556', 'Growth Marketing Specialist', 87, 3, '2023-03-29 08:00:00', '2024-04-04 10:00:00'),
(88, 'Dang Em 88', '2002-07-11', 'user88@example.com', '09743859311', 'Business Analyst', 88, 4, '2023-03-30 08:00:00', '2024-04-04 10:00:00'),
(89, 'Tran Khai 89', '2003-05-07', 'user89@example.com', '09182399599', 'Data Scientist', 89, 5, '2023-03-31 08:00:00', '2024-04-04 10:00:00'),
(90, 'Nguyen Giang 90', '2004-03-02', 'user90@example.com', '09497260863', 'Financial Analyst', 90, 6, '2023-04-01 08:00:00', '2024-04-04 10:00:00'),
(91, 'Tran An 91', '2004-12-27', 'user91@example.com', '09143189803', 'Risk Manager', 91, 7, '2023-04-02 08:00:00', '2024-04-04 10:00:00'),
(92, 'Pham An 92', '2005-10-23', 'user92@example.com', '09342016960', 'HR Specialist', 92, 8, '2023-04-03 08:00:00', '2024-04-04 10:00:00'),
(93, 'Le Khai 93', '2006-08-19', 'user93@example.com', '09285694715', 'Communications Officer', 93, 9, '2023-04-04 08:00:00', '2024-04-04 10:00:00'),
(94, 'Pham Khai 94', '2007-06-15', 'user94@example.com', '09559512272', 'Event Coordinator', 94, 10, '2023-04-05 08:00:00', '2024-04-04 10:00:00'),
(95, 'Le Minh 95', '2008-04-10', 'user95@example.com', '09231980274', 'Customer Success Representative', 95, 11, '2023-04-06 08:00:00', '2024-04-04 10:00:00'),
(96, 'Hoang Binh 96', '2009-02-04', 'user96@example.com', '09151870192', 'Strategic Analyst', 96, 12, '2023-04-07 08:00:00', '2024-04-04 10:00:00'),
(97, 'Mai Hanh 97', '2009-12-01', 'user97@example.com', '09736619372', 'Software Engineer', 97, 1, '2023-04-08 08:00:00', '2024-04-04 10:00:00'),
(98, 'Tran Minh 98', '2010-09-27', 'user98@example.com', '09423676961', 'UI/UX Designer', 98, 2, '2023-04-09 08:00:00', '2024-04-04 10:00:00'),
(99, 'Hoang Minh 99', '2011-07-24', 'user99@example.com', '09285958181', 'Growth Marketing Specialist', 99, 3, '2023-04-10 08:00:00', '2024-04-04 10:00:00'),
(100, 'Nguyen Giang 100', '1985-01-01', 'user100@example.com', '09967495923', 'Business Analyst', 100, 4, '2023-04-11 08:00:00', '2024-04-04 10:00:00');







UPDATE departments SET function_head_id = 4 WHERE department_id = 1;
UPDATE departments SET function_head_id = 7 WHERE department_id = 2;
UPDATE departments SET function_head_id = 11 WHERE department_id = 3;
UPDATE departments SET function_head_id = 14 WHERE department_id = 4;
UPDATE departments SET function_head_id = 17 WHERE department_id = 5;
UPDATE departments SET function_head_id = 21 WHERE department_id = 6;
UPDATE departments SET function_head_id = 24 WHERE department_id = 7;
UPDATE departments SET function_head_id = 27 WHERE department_id = 8;
UPDATE departments SET function_head_id = 31 WHERE department_id = 9;
UPDATE departments SET function_head_id = 34 WHERE department_id = 10;
UPDATE departments SET function_head_id = 37 WHERE department_id = 11;
UPDATE departments SET function_head_id = 41 WHERE department_id = 12;










INSERT INTO kpi (kpi_name, kpi_year, type, percent, description, created_at, updated_at) VALUES
-- Quantitative KPIs (tổng percent = 100%)
('Project Completion Rate', 2024, 'Quantitative', 50, 'Complete 90% of assigned projects on time in 2024', '2023-01-01 10:00:00', '2023-01-01 10:00:00'),
('Revenue Target', 2024, 'Quantitative', 50, 'Achieve annual revenue target of $500,000 in 2024', '2023-01-02 10:00:00', '2023-01-02 10:00:00'),
-- Qualitative KPIs (tổng percent = 100%)
('Innovation', 2024, 'Qualitative', 25, 'Introduce at least 2 innovative ideas to improve processes in 2024', '2023-01-03 10:00:00', '2023-01-03 10:00:00'),
('Teamwork', 2024, 'Qualitative', 25, 'Enhance team collaboration through cross-departmental projects in 2024', '2023-01-04 10:00:00', '2023-01-04 10:00:00'),
('Adaptability', 2024, 'Qualitative', 25, 'Demonstrate adaptability by successfully managing organizational changes in 2024', '2023-01-05 10:00:00', '2023-01-05 10:00:00'),
('Ethical Behavior', 2024, 'Qualitative', 25, 'Maintain 100% compliance with ethical standards in all activities in 2024', '2023-01-06 10:00:00', '2023-01-06 10:00:00');







INSERT INTO kpa (kpa_name, description, percent, kpi_id, created_at, updated_at) VALUES
-- KPI 1: Project Completion Rate (tổng percent = 100%)
('Timely Project Execution', 'Ensure 90% of project milestones are met on schedule', 40, 1, '2023-01-07 10:00:00', '2023-01-07 10:00:00'),
('Resource Allocation Efficiency', 'Optimize resource usage to reduce project delays by 15%', 30, 1, '2023-01-08 10:00:00', '2023-01-08 10:00:00'),
('Quality Assurance', 'Maintain project quality with less than 5% error rate', 30, 1, '2023-01-09 10:00:00', '2023-01-09 10:00:00'),

-- KPI 2: Revenue Target (tổng percent = 100%)
('Client Acquisition', 'Increase the number of new clients by 20% in 2024', 35, 2, '2023-01-10 10:00:00', '2023-01-10 10:00:00'),
('Sales Conversion Rate', 'Achieve a 30% conversion rate from leads to sales', 35, 2, '2023-01-11 10:00:00', '2023-01-11 10:00:00'),
('Customer Retention', 'Retain 85% of existing customers through upselling', 30, 2, '2023-01-12 10:00:00', '2023-01-12 10:00:00'),

-- KPI 3: Innovation (tổng percent = 100%)
('Idea Generation', 'Propose at least 3 innovative ideas for process improvement', 60, 3, '2023-01-13 10:00:00', '2023-01-13 10:00:00'),
('Implementation of New Solutions', 'Successfully implement 2 new solutions to enhance efficiency', 40, 3, '2023-01-14 10:00:00', '2023-01-14 10:00:00'),

-- KPI 4: Teamwork (tổng percent = 100%)
('Cross-Department Collaboration', 'Participate in at least 2 cross-departmental projects in 2024', 40, 4, '2023-01-15 10:00:00', '2023-01-15 10:00:00'),
('Conflict Resolution', 'Resolve team conflicts effectively to maintain productivity', 30, 4, '2023-01-16 10:00:00', '2023-01-16 10:00:00'),
('Timonian First Mindset', 'Prioritize company goals over departmental goals in decision-making', 30, 4, '2023-01-17 10:00:00', '2023-01-17 10:00:00'),

-- KPI 5: Adaptability (tổng percent = 100%)
('Change Management', 'Successfully adapt to 3 organizational changes in 2024', 50, 5, '2023-01-18 10:00:00', '2023-01-18 10:00:00'),
('Embrace the Struggle', 'Take on challenging tasks to step out of comfort zone', 50, 5, '2023-01-19 10:00:00', '2023-01-19 10:00:00'),

-- KPI 6: Ethical Behavior (tổng percent = 100%)
('Compliance with Policies', 'Achieve 100% compliance with company ethical standards', 40, 6, '2023-01-20 10:00:00', '2023-01-20 10:00:00'),
('Avoid Dunning Kruger', 'Demonstrate humility by seeking feedback and admitting knowledge gaps', 30, 6, '2023-01-21 10:00:00', '2023-01-21 10:00:00'),
('Transparency in Actions', 'Maintain transparency in all work-related decisions', 30, 6, '2023-01-22 10:00:00', '2023-01-22 10:00:00');






INSERT INTO assessment (employee_id, kpi_id, kpa_id, evaluate, comments, link, created_at, updated_at) VALUES
(1, 1, 1, 4.2, 'Met project deadlines efficiently', 'http://example.com/report1', '2024-01-10 09:00:00', '2024-01-10 09:00:00'),
(2, 1, 2, 3.8, 'Needs improvement in resource allocation', 'http://example.com/report2', '2024-01-11 09:30:00', '2024-01-11 09:30:00'),
(3, 1, 3, 4.5, 'Maintained high quality standards', 'http://example.com/report3', '2024-01-12 10:00:00', '2024-01-12 10:00:00'),
(4, 2, 4, 3.9, 'Achieved client acquisition targets', 'http://example.com/report4', '2024-01-13 10:30:00', '2024-01-13 10:30:00'),
(5, 2, 5, 4.1, 'Improved sales conversion rates', 'http://example.com/report5', '2024-01-14 11:00:00', '2024-01-14 11:00:00'),
(6, 2, 6, 4.6, 'High customer retention observed', 'http://example.com/report6', '2024-01-15 11:30:00', '2024-01-15 11:30:00'),
(7, 3, 7, 4.0, 'Proposed several innovative ideas', 'http://example.com/report7', '2024-01-16 12:00:00', '2024-01-16 12:00:00'),
(8, 3, 8, 3.7, 'Some ideas lacked feasibility', 'http://example.com/report8', '2024-01-17 12:30:00', '2024-01-17 12:30:00'),
(9, 4, 9, 4.3, 'Collaborated effectively across teams', 'http://example.com/report9', '2024-01-18 13:00:00', '2024-01-18 13:00:00'),
(10, 4, 10, 3.6, 'Conflict resolution skills need work', 'http://example.com/report10', '2024-01-19 13:30:00', '2024-01-19 13:30:00'),
(11, 4, 11, 4.0, 'Demonstrated company-first mindset', 'http://example.com/report11', '2024-01-20 14:00:00', '2024-01-20 14:00:00'),
(12, 5, 12, 4.4, 'Adapted well to organizational changes', 'http://example.com/report12', '2024-01-21 14:30:00', '2024-01-21 14:30:00'),
(13, 5, 13, 3.5, 'Struggled with new challenges', 'http://example.com/report13', '2024-01-22 15:00:00', '2024-01-22 15:00:00'),
(14, 6, 14, 4.7, 'Always follows company policies', 'http://example.com/report14', '2024-01-23 15:30:00', '2024-01-23 15:30:00'),
(15, 6, 15, 3.8, 'Needs to seek feedback more often', 'http://example.com/report15', '2024-01-24 16:00:00', '2024-01-24 16:00:00'),
(16, 6, 16, 4.2, 'Transparent in decision-making', 'http://example.com/report16', '2024-01-25 16:30:00', '2024-01-25 16:30:00'),
(17, 1, 1, 3.9, 'Second evaluation on project execution', 'http://example.com/report17', '2024-01-26 17:00:00', '2024-01-26 17:00:00'),
(18, 2, 4, 4.3, 'Improved client acquisition skills', 'http://example.com/report18', '2024-01-27 17:30:00', '2024-01-27 17:30:00'),
(19, 3, 8, 4.0, 'Implemented some new solutions', 'http://example.com/report19', '2024-01-28 18:00:00', '2024-01-28 18:00:00'),
(20, 4, 11, 4.1, 'Continued focus on company goals', 'http://example.com/report20', '2024-01-29 18:30:00', '2024-01-29 18:30:00');










INSERT INTO manage_info (employee_id, line_manager_id, start_date, end_date, created_at, updated_at)
VALUES
    (1, 91, '2021-05-10', NULL, NOW(), NOW()),
    (2, 91, '2022-03-15', NULL, NOW(), NOW()),
    (3, 92, '2020-07-20', '2023-12-31', NOW(), NOW()),
    (4, 92, '2023-01-10', NULL, NOW(), NOW()),
    (5, 93, '2022-09-05', NULL, NOW(), NOW()),
    (6, 93, '2023-06-18', NULL, NOW(), NOW()),
    (7, 94, '2021-11-30', '2024-02-01', NOW(), NOW()),
    (8, 94, '2020-12-25', NULL, NOW(), NOW()),
    (9, 95, '2023-04-12', NULL, NOW(), NOW()),
    (10, 95, '2021-07-08', '2023-06-30', NOW(), NOW()),
    (11, 96, '2022-01-15', NULL, NOW(), NOW()),
    (12, 96, '2020-09-10', '2023-05-20', NOW(), NOW()),
    (13, 97, '2023-03-05', NULL, NOW(), NOW()),
    (14, 97, '2021-06-22', '2024-01-10', NOW(), NOW()),
    (15, 98, '2020-08-30', NULL, NOW(), NOW()),
    (16, 98, '2022-11-12', '2024-02-15', NOW(), NOW()),
    (17, 99, '2023-09-25', NULL, NOW(), NOW()),
    (18, 99, '2020-10-14', '2023-08-20', NOW(), NOW()),
    (19, 100, '2021-12-05', NULL, NOW(), NOW()),
    (20, 100, '2022-05-18', NULL, NOW(), NOW());






INSERT INTO review (line_manager_id, assessment_id, employee_id, kpi_id, kpa_id, employee_evaluate, employee_link, evaluate, comments, created_at, updated_at, is_reviewed) VALUES
(91, 1, 1, 1, 1, 4.2, 'http://example.com/report1', 4.2, 'Met project deadlines efficiently', '2024-01-10 09:00:00', '2024-01-10 09:00:00', true),
(91, 2, 2, 1, 2, 3.8, 'http://example.com/report2', 3.8, 'Needs improvement in resource allocation', '2024-01-11 09:30:00', '2024-01-11 09:30:00', false),
(92, 3, 3, 1, 3, 4.5, 'http://example.com/report3', 4.5, 'Maintained high quality standards', '2024-01-12 10:00:00', '2024-01-12 10:00:00', true),
(92, 4, 4, 2, 4, 3.9, 'http://example.com/report4', 3.9, 'Achieved client acquisition targets', '2024-01-13 10:30:00', '2024-01-13 10:30:00', false),
(93, 5, 5, 2, 5, 4.1, 'http://example.com/report5', 4.1, 'Improved sales conversion rates', '2024-01-14 11:00:00', '2024-01-14 11:00:00', true),
(93, 6, 6, 2, 6, 4.6, 'http://example.com/report6', 4.6, 'High customer retention observed', '2024-01-15 11:30:00', '2024-01-15 11:30:00', false),
(94, 7, 7, 3, 7, 4.0, 'http://example.com/report7', 4.0, 'Proposed several innovative ideas', '2024-01-16 12:00:00', '2024-01-16 12:00:00', true),
(94, 8, 8, 3, 8, 3.7, 'http://example.com/report8', 3.7, 'Some ideas lacked feasibility', '2024-01-17 12:30:00', '2024-01-17 12:30:00', false),
(95, 9, 9, 4, 9, 4.3, 'http://example.com/report9', 4.3, 'Collaborated effectively across teams', '2024-01-18 13:00:00', '2024-01-18 13:00:00', true),
(95, 10, 10, 4, 10, 3.6, 'http://example.com/report10', 3.6, 'Conflict resolution skills need work', '2024-01-19 13:30:00', '2024-01-19 13:30:00', false),
(96, 11, 11, 4, 11, 4.0, 'http://example.com/report11', 4.0, 'Demonstrated company-first mindset', '2024-01-20 14:00:00', '2024-01-20 14:00:00', true),
(96, 12, 12, 5, 12, 4.4, 'http://example.com/report12', 4.4, 'Adapted well to organizational changes', '2024-01-21 14:30:00', '2024-01-21 14:30:00', false),
(97, 13, 13, 5, 13, 3.5, 'http://example.com/report13', 3.5, 'Struggled with new challenges', '2024-01-22 15:00:00', '2024-01-22 15:00:00', true),
(97, 14, 14, 6, 14, 4.7, 'http://example.com/report14', 4.7, 'Always follows company policies', '2024-01-23 15:30:00', '2024-01-23 15:30:00', false),
(98, 15, 15, 6, 15, 3.8, 'http://example.com/report15', 3.8, 'Needs to seek feedback more often', '2024-01-24 16:00:00', '2024-01-24 16:00:00', true),
(98, 16, 16, 6, 16, 4.2, 'http://example.com/report16', 4.2, 'Transparent in decision-making', '2024-01-25 16:30:00', '2024-01-25 16:30:00', false),
(99, 17, 17, 1, 1, 3.9, 'http://example.com/report17', 3.9, 'Second evaluation on project execution', '2024-01-26 17:00:00', '2024-01-26 17:00:00', true),
(99, 18, 18, 2, 4, 4.3, 'http://example.com/report18', 4.3, 'Improved client acquisition skills', '2024-01-27 17:30:00', '2024-01-27 17:30:00', false),
(100, 19, 19, 3, 8, 4.0, 'http://example.com/report19', 4.0, 'Implemented some new solutions', '2024-01-28 18:00:00', '2024-01-28 18:00:00', true),
(100, 20, 20, 4, 11, 4.1, 'http://example.com/report20', 4.1, 'Continued focus on company goals', '2024-01-29 18:30:00', '2024-01-29 18:30:00', false);
